{
  "openapi": "3.0.1",
  "info": {
    "title": "Définition API Compas",
    "description": "API Compas - La CMDB des Composants applicatifs",
    "version": "1.0.0-SNAPSHOT"
  },
  "servers": [
    {
      "url": "http://localhost:8081",
      "description": "Generated server url"
    }
  ],
  "paths": {
    "/artefact/{checksumArtefact}/dependances": {
      "get": {
        "tags": [
          "DEPENDANCES ARTIFACT"
        ],
        "description": "Récupère les dépendances d'un artefact en fonction de son checksum",
        "operationId": "getArtifactDependencies",
        "parameters": [
          {
            "name": "checksumArtefact",
            "in": "path",
            "required": true,
            "schema": {
              "type": "string"
            }
          }
        ],
        "responses": {
          "401": {
            "description": "Accès à la ressource interdite",
            "content": {
              "application/json": {
                "schema": {
                  "type": "string",
                  "example": {
                    "code": 401,
                    "message": "message"
                  }
                }
              }
            }
          },
          "404": {
            "description": "La ressource n'existe pas",
            "content": {
              "application/json": {
                "schema": {
                  "type": "string",
                  "example": {
                    "code": 404,
                    "message": "message"
                  }
                }
              }
            }
          },
          "500": {
            "description": "Une erreur est survenue au niveau du serveur",
            "content": {
              "application/json": {
                "schema": {
                  "type": "string",
                  "example": {
                    "code": 500,
                    "message": "message"
                  }
                }
              }
            }
          },
          "200": {
            "description": "Opération en succès",
            "content": {
              "application/json": {
                "schema": {
                  "type": "array",
                  "items": {
                    "$ref": "#/components/schemas/DependanceDTO"
                  }
                }
              }
            }
          }
        }
      }
    }
  },
  "components": {
    "schemas": {
      "ComponentDTO": {
        "type": "object",
        "properties": {
          "composantCodeProduit": {
            "type": "string"
          },
          "composantCodeSolution": {
            "type": "string"
          },
          "composantType": {
            "type": "string"
          },
          "composantRepoUrl": {
            "type": "string"
          },
          "composantRepoCommit": {
            "type": "string"
          },
          "composantRepoRef": {
            "type": "string"
          },
          "composantRepoTag": {
            "type": "string"
          },
          "composantName": {
            "type": "string"
          }
        }
      },
      "DependanceDTO": {
        "type": "object",
        "properties": {
          "dependanceChecksum": {
            "type": "string"
          },
          "dependanceName": {
            "type": "string"
          },
          "dependanceVersion": {
            "type": "string"
          },
          "dependanceType": {
            "type": "string"
          },
          "composant": {
            "$ref": "#/components/schemas/ComponentDTO"
          }
        }
      }
    }
  }
}